[
    {
        "_id": {
            "$binary": {
                "base64": "QKnk2NfrT1iMe1JI/DtgsA==",
                "subType": "04"
            }
        },
        "created_at": {
            "$date": "2025-12-10T12:38:46.919Z"
        },
        "updated_at": {
            "$date": "2025-12-10T12:38:46.919Z"
        },
        "asset_id": "data_0000003G7ndn66DnJD6t8zXi",
        "asset_type": "datasets",
        "asset_json_str": "{\"platform\": \"zenodo\", \"platform_resource_identifier\": \"zenodo.org:8060401\", \"name\": \"Regional estimates of gross primary production applying the process-based model 3D-CMCC-FEM vs. multiple datasets\", \"date_published\": \"2023-06-20T00:00:00\", \"same_as\": \"https://zenodo.org/api/records/8060401\", \"ai_asset_identifier\": \"data_0000003G7ndn66DnJD6t8zXi\", \"ai_resource_identifier\": \"data_0000003G7ndn66DnJD6t8zXi\", \"aiod_entry\": {\"editor\": [], \"status\": \"published\", \"date_modified\": \"2024-03-19T04:22:02\", \"date_created\": \"2024-03-19T04:22:02\"}, \"alternate_name\": [], \"application_area\": [], \"citation\": [], \"contact\": [], \"contacts\": [], \"creator\": [], \"description\": {\"plain\": \"This repository contains the model 3D-CMCC-FEM v5.6 executable (Testolin et al.2023), model inputs and model outputs in the folder RUN_BASILICATA; scripts to prepare model inputs and perform model outputs post-processing in SCRIPTS; remote-sensing based data and forcing in DATA; tables and post-processed files in OUTPUT; figures in FIGURE, related to the manuscript entitled \\u201cRegional estimates of gross primary production applying the process-based model 3D-CMCC-FEM vs. multiple datasets\\u201d\"}, \"distribution\": [{\"checksum\": \"b66c61b2b3d6576656b11dff6ff6f418\", \"checksum_algorithm\": \"md5\", \"content_url\": \"https://zenodo.org/api/records/8060401/files/OUTPUT.zip/content\", \"encoding_format\": \"application/zip\", \"name\": \"OUTPUT.zip\"}, {\"checksum\": \"538f27a645f38396cda80c63c61f11b6\", \"checksum_algorithm\": \"md5\", \"content_url\": \"https://zenodo.org/api/records/8060401/files/RUN_BASILICATA.zip/content\", \"encoding_format\": \"application/zip\", \"name\": \"RUN_BASILICATA.zip\"}, {\"checksum\": \"6fdfc4b60d1fce1abb2dd8a51cb1c010\", \"checksum_algorithm\": \"md5\", \"content_url\": \"https://zenodo.org/api/records/8060401/files/SCRIPTS.zip/content\", \"encoding_format\": \"application/zip\", \"name\": \"SCRIPTS.zip\"}, {\"checksum\": \"1678d58e5e6ac18027ee0f2959fed388\", \"checksum_algorithm\": \"md5\", \"content_url\": \"https://zenodo.org/api/records/8060401/files/READ_ME.txt/content\", \"encoding_format\": \"text/plain\", \"name\": \"READ_ME.txt\"}, {\"checksum\": \"0e458c9ee63d1db757a59ff78043e056\", \"checksum_algorithm\": \"md5\", \"content_url\": \"https://zenodo.org/api/records/8060401/files/DATA.zip/content\", \"encoding_format\": \"application/zip\", \"name\": \"DATA.zip\"}, {\"checksum\": \"43adef287a8db13cd5461c388406e8fb\", \"checksum_algorithm\": \"md5\", \"content_url\": \"https://zenodo.org/api/records/8060401/files/FIGURES.zip/content\", \"encoding_format\": \"application/zip\", \"name\": \"FIGURES.zip\"}], \"funder\": [], \"has_part\": [], \"industrial_sector\": [], \"is_part_of\": [\"proj_VJHd7TweCG7fXCPzlruGUw6C\"], \"keyword\": [], \"license\": \"creative commons attribution 4.0 international\", \"media\": [], \"note\": [], \"relevant_link\": [], \"relevant_resource\": [], \"relevant_to\": [], \"research_area\": [], \"scientific_domain\": [], \"identifier\": \"data_0000003G7ndn66DnJD6t8zXi\"}",
        "asset_version": 0
    },
    {
        "_id": {
            "$binary": {
                "base64": "9/OaY5+ZTxiUrCWo40heAg==",
                "subType": "04"
            }
        },
        "created_at": {
            "$date": "2025-12-10T12:38:46.921Z"
        },
        "updated_at": {
            "$date": "2025-12-10T12:38:46.921Z"
        },
        "asset_id": "data_0000028aWpbVkClCizqCTkMW",
        "asset_type": "datasets",
        "asset_json_str": "{\"platform\": \"zenodo\", \"platform_resource_identifier\": \"zenodo.org:3949849\", \"name\": \"Becoming LTi - Dataset : Reference files and Software Containers\", \"date_published\": \"2020-07-17T00:00:00\", \"same_as\": \"https://zenodo.org/api/records/3949849\", \"ai_asset_identifier\": \"data_0000028aWpbVkClCizqCTkMW\", \"ai_resource_identifier\": \"data_0000028aWpbVkClCizqCTkMW\", \"aiod_entry\": {\"editor\": [], \"status\": \"published\", \"date_modified\": \"2024-03-14T19:36:30\", \"date_created\": \"2024-03-14T19:36:30\"}, \"alternate_name\": [], \"application_area\": [], \"citation\": [], \"contact\": [], \"contacts\": [], \"creator\": [], \"description\": {\"plain\": \"Dataset from article\\u00a0: Distinct waves from the hemogenic endothelium give rise to layered Lymphoid Tissue Inducer cell ontogeny\\n\\n\\nSummary:\\u00a0During embryogenesis Lymphoid Tissue Inducer (LTi) cells are essential for lymph node organogenesis. These cells are part of the Innate Lymphoid Cell (ILC) family. Although their earliest embryonic hematopoietic origin is unclear, other innate immune cells were shown to be derived from both early hemogenic endothelium in the yolk-sac as well as the aorta-gonad-mesonephros. A proper model to discriminate between these locations was unavailable. In this study, using a new Cxcr4-CreERT2 lineage tracing model, we identify a major contribution from embryonic hemogenic endothelium, but not yolk-sac, towards the LTi progenitors. Conversely, embryonic LTi cells are replaced by hematopoietic stem cell derived cells in adult. We further show that within the fetal liver common lymphoid progenitors differentiate into highly dynamic alpha-lymphoid precursor cells, which at this embryonic stage preferentially mature into LTi precursors and establish their functional LTi cell identity only after reaching the periphery.\\n\\n\\nData\\u00a0:\\n\\n\\n1. SPlab_BecomingLTi_01_Reference.tar.gz : Reference files used for the data analysis.\\n\\n\\n2.\\u00a0SPlab_BecomingLTi_02_containers.tar.gz : Singularity and Docker images used for the data analysis.\"}, \"distribution\": [{\"checksum\": \"6f600181d53967dfda97970479058fa2\", \"checksum_algorithm\": \"md5\", \"content_url\": \"https://zenodo.org/api/records/3949849/files/SPlab_BecomingLTi_01_Reference.tar.gz/content\", \"encoding_format\": \"application/gzip\", \"name\": \"SPlab_BecomingLTi_01_Reference.tar.gz\"}, {\"checksum\": \"c79d40fba8fdf0d3de0260a4947aca91\", \"checksum_algorithm\": \"md5\", \"content_url\": \"https://zenodo.org/api/records/3949849/files/SPlab_BecomingLTi_02_containers.tar.gz/content\", \"encoding_format\": \"application/gzip\", \"name\": \"SPlab_BecomingLTi_02_containers.tar.gz\"}], \"funder\": [], \"has_part\": [], \"industrial_sector\": [], \"is_part_of\": [], \"keyword\": [], \"license\": \"creative commons attribution 4.0 international\", \"media\": [], \"note\": [], \"relevant_link\": [], \"relevant_resource\": [], \"relevant_to\": [], \"research_area\": [], \"scientific_domain\": [], \"identifier\": \"data_0000028aWpbVkClCizqCTkMW\"}",
        "asset_version": 0
    },
    {
        "_id": {
            "$binary": {
                "base64": "HI3tyQP2RkW6wZLQvqamTQ==",
                "subType": "04"
            }
        },
        "created_at": {
            "$date": "2025-12-10T12:38:46.922Z"
        },
        "updated_at": {
            "$date": "2025-12-10T12:38:46.922Z"
        },
        "asset_id": "data_000017VBQZZ7s3cvm7Gx0AnT",
        "asset_type": "datasets",
        "asset_json_str": "{\"platform\": \"zenodo\", \"platform_resource_identifier\": \"zenodo.org:8234176\", \"name\": \"The Stability of Oxygen-Centered Radicals\", \"date_published\": \"2023-08-10T00:00:00\", \"same_as\": \"https://zenodo.org/api/records/8234176\", \"ai_asset_identifier\": \"data_000017VBQZZ7s3cvm7Gx0AnT\", \"ai_resource_identifier\": \"data_000017VBQZZ7s3cvm7Gx0AnT\", \"aiod_entry\": {\"editor\": [], \"status\": \"published\", \"date_modified\": \"2023-11-29T17:02:24\", \"date_created\": \"2023-11-29T17:02:24\"}, \"alternate_name\": [], \"application_area\": [], \"citation\": [], \"contact\": [], \"contacts\": [], \"creator\": [], \"description\": {\"plain\": \"Energies and geometries of O-centered radicals and their respective alcohols obtained with selected quantum mechanical methods.\"}, \"distribution\": [{\"checksum\": \"437744b654cf922ac3b500f2cf52fa28\", \"checksum_algorithm\": \"md5\", \"content_url\": \"https://zenodo.org/api/records/8234176/files/O_Rad_SI_20230802.pdf/content\", \"encoding_format\": \"application/pdf\", \"name\": \"O_Rad_SI_20230802.pdf\"}, {\"checksum\": \"3e00db44916a77242e5ccac7147a1a7b\", \"checksum_algorithm\": \"md5\", \"content_url\": \"https://zenodo.org/api/records/8234176/files/O_Rad_SI_XYZ_20230802.pdf/content\", \"encoding_format\": \"application/pdf\", \"name\": \"O_Rad_SI_XYZ_20230802.pdf\"}], \"funder\": [], \"has_part\": [], \"industrial_sector\": [], \"is_part_of\": [], \"keyword\": [\"hydrogen bonding deutsche forschungsgemeinschaft\", \"hydrogen abstraction\", \"thermodynamic stability\", \"isodesmic equations\", \"radicals\", \"ab initio calculations\"], \"license\": \"creative commons attribution 4.0 international\", \"media\": [], \"note\": [], \"relevant_link\": [], \"relevant_resource\": [], \"relevant_to\": [], \"research_area\": [], \"scientific_domain\": [], \"identifier\": \"data_000017VBQZZ7s3cvm7Gx0AnT\"}",
        "asset_version": 0
    },
    {
        "_id": {
            "$binary": {
                "base64": "tdOs2XTBRJ+AMUVNR5E41Q==",
                "subType": "04"
            }
        },
        "created_at": {
            "$date": "2025-12-10T12:38:46.922Z"
        },
        "updated_at": {
            "$date": "2025-12-10T12:38:46.922Z"
        },
        "asset_id": "data_000029fsOJNvYyFGcGVi5G6h",
        "asset_type": "datasets",
        "asset_json_str": "{\"platform\": \"zenodo\", \"platform_resource_identifier\": \"zenodo.org:12559654\", \"name\": \"Dataset: Maxeon Solar Technologies, Ltd. (MAXN) Stock Performance\", \"date_published\": \"2024-06-26T00:00:00\", \"same_as\": \"https://zenodo.org/api/records/12559654\", \"ai_asset_identifier\": \"data_000029fsOJNvYyFGcGVi5G6h\", \"ai_resource_identifier\": \"data_000029fsOJNvYyFGcGVi5G6h\", \"aiod_entry\": {\"editor\": [], \"status\": \"published\", \"date_modified\": \"2024-11-06T09:31:35\", \"date_created\": \"2024-11-06T09:31:35\"}, \"alternate_name\": [], \"application_area\": [], \"citation\": [], \"contact\": [], \"contacts\": [], \"creator\": [], \"description\": {\"plain\": \"This dataset provides historical stock market performance data for specific companies. It enables users to analyze and understand the past trends and fluctuations in stock prices over time. This information can be utilized for various purposes such as investment analysis, financial research, and market trend forecasting.\"}, \"distribution\": [{\"checksum\": \"b2f8ab9a38f56fb5f18477021908e02d\", \"checksum_algorithm\": \"md5\", \"content_url\": \"https://zenodo.org/api/records/12559654/files/MAXN_stock_data.csv/content\", \"encoding_format\": \"text/csv\", \"name\": \"MAXN_stock_data.csv\"}], \"funder\": [], \"has_part\": [], \"industrial_sector\": [], \"is_part_of\": [], \"keyword\": [\"stock market\", \"financial data\", \"historical prices\"], \"license\": \"creative commons zero v1.0 universal\", \"media\": [], \"note\": [], \"relevant_link\": [], \"relevant_resource\": [], \"relevant_to\": [], \"research_area\": [], \"scientific_domain\": [], \"identifier\": \"data_000029fsOJNvYyFGcGVi5G6h\"}",
        "asset_version": 0
    },
    {
        "_id": {
            "$binary": {
                "base64": "jAX6ShLoTkWVm7VMe0PyBg==",
                "subType": "04"
            }
        },
        "created_at": {
            "$date": "2025-12-10T12:38:46.923Z"
        },
        "updated_at": {
            "$date": "2025-12-10T12:38:46.923Z"
        },
        "asset_id": "data_00003F2VNOpzP8QkRzb5blzg",
        "asset_type": "datasets",
        "asset_json_str": "{\"platform\": \"zenodo\", \"platform_resource_identifier\": \"zenodo.org:11600379\", \"name\": \"Fran\\u00e7ois Peccatte (p2192)\", \"date_published\": \"2024-06-12T00:00:00\", \"same_as\": \"https://zenodo.org/api/records/11600379\", \"ai_asset_identifier\": \"data_00003F2VNOpzP8QkRzb5blzg\", \"ai_resource_identifier\": \"data_00003F2VNOpzP8QkRzb5blzg\", \"aiod_entry\": {\"editor\": [], \"status\": \"published\", \"date_modified\": \"2024-11-06T01:31:34\", \"date_created\": \"2024-11-06T01:31:34\"}, \"alternate_name\": [], \"application_area\": [], \"citation\": [], \"contact\": [], \"contacts\": [], \"creator\": [], \"description\": {\"plain\": \"-- Documentation --Name: Fran\\u00e7ois PeccattemusiXplora-ID: p2192musiXplora-URI: https://musixplora.de/mxp/p2192Gender: mDate of Birth: 10 March 1821Place of Birth: MirecourtDate of Death: 30 November 1855Place of Death: ParisFirst Mentioned: 1845Sectors: GeigenbauProfessions (Musical): BogenmacherOther Places of Activity: Mirecourt, ParisInstitutionen:\\nRoleTitlemXp-IDRelatedFamilie Chambry Peccatte3030487Titel/Medien:\\nRoleSigelTitlemXp-IDRelatedMillant 1972Sa vie et son oeuvre5020682RelatedTerrier 2007Luthiers Mirecourt. Website der Fa. J. P. Cognier & R. Terrier5034051RelatedFuchs-Taxe 17/2017Taxe der Streich-Instrumente. Anleitung zur Einsch\\u00e4tzung von Geigen, Violen, Violoncelli, Kontrab\\u00e4ssen usw. nach Herkunft und Wert. von Klaus Gr\\u00fcnke, Hieronymus K\\u00f6stler, Benjamin Schr\\u00f6der, Serge Stam, Yan Ullern5034127Changelog:\\u00a0\\u00a0- v0.0.1: Initial Upload.\"}, \"distribution\": [{\"checksum\": \"3516cffa7e0f9f7c046dcf10f1cae8ab\", \"checksum_algorithm\": \"md5\", \"content_url\": \"https://zenodo.org/api/records/11600379/files/p2192_DE.json/content\", \"encoding_format\": \"application/json\", \"name\": \"p2192_DE.json\"}], \"funder\": [], \"has_part\": [], \"industrial_sector\": [], \"is_part_of\": [], \"keyword\": [\"organology\", \"musical instruments\", \"musixplora\", \"digital organology\", \"leipzig university\", \"persons\", \"novy kinsky\"], \"license\": \"creative commons attribution 4.0 international\", \"media\": [], \"note\": [], \"relevant_link\": [], \"relevant_resource\": [], \"relevant_to\": [], \"research_area\": [], \"scientific_domain\": [], \"identifier\": \"data_00003F2VNOpzP8QkRzb5blzg\"}",
        "asset_version": 0
    },
    {
        "_id": {
            "$binary": {
                "base64": "etYYhgwLS8iaqykk/C991A==",
                "subType": "04"
            }
        },
        "created_at": {
            "$date": "2025-12-10T12:38:46.924Z"
        },
        "updated_at": {
            "$date": "2025-12-10T12:38:46.924Z"
        },
        "asset_id": "data_00013F5gAnRpqkCi2zsRWK5P",
        "asset_type": "datasets",
        "asset_json_str": "{\"platform\": \"huggingface\", \"platform_resource_identifier\": \"66f857bb5d2f35542ef010cf\", \"name\": \"ShiningJazz/feedback_summary_summarydebertafaithful_271_2_3_1\", \"date_published\": \"2024-09-28T19:23:39\", \"same_as\": \"https://huggingface.co/datasets/ShiningJazz/feedback_summary_summarydebertafaithful_271_2_3_1\", \"is_accessible_for_free\": true, \"ai_asset_identifier\": \"data_00013F5gAnRpqkCi2zsRWK5P\", \"ai_resource_identifier\": \"data_00013F5gAnRpqkCi2zsRWK5P\", \"aiod_entry\": {\"editor\": [], \"status\": \"published\", \"date_modified\": \"2025-11-11T17:44:40\", \"date_created\": \"2024-10-31T23:13:37\"}, \"alternate_name\": [], \"application_area\": [], \"citation\": [], \"contact\": [], \"contacts\": [], \"creator\": [], \"description\": {}, \"distribution\": [{\"content_url\": \"https://huggingface.co/datasets/ShiningJazz/feedback_summary_summarydebertafaithful_271_2_3_1/resolve/refs%2Fconvert%2Fparquet/default/train/0000.parquet\", \"content_size_kb\": 39, \"description\": \"ShiningJazz/feedback_summary_summarydebertafaithful_271_2_3_1. Config: default. Split: train\", \"name\": \"0000.parquet\"}], \"funder\": [], \"has_part\": [], \"industrial_sector\": [], \"is_part_of\": [], \"keyword\": [\"region:us\", \"size_categories:n<1k\", \"library:polars\", \"library:pandas\", \"format:parquet\", \"library:mlcroissant\", \"library:datasets\", \"modality:text\"], \"media\": [], \"note\": [], \"relevant_link\": [], \"relevant_resource\": [], \"relevant_to\": [], \"research_area\": [], \"scientific_domain\": [], \"identifier\": \"data_00013F5gAnRpqkCi2zsRWK5P\"}",
        "asset_version": 0
    }
]