[{"_id":{"$binary":{"base64":"JN7JTZzkStmhgLCs4hx92w==","subType":"04"}},"created_at":{"$date":"2025-12-10T09:19:19.53Z"},"updated_at":{"$date":"2025-12-10T09:19:31.629Z"},"aiod_asset_type":"datasets","setup_update":{"created_at":{"$date":"2025-12-10T09:18:53.051Z"},"updated_at":{"$date":"2025-12-10T09:19:31.629Z"},"embeddings_added":0,"aiod_asset_offset":0,"finished":true},"recurring_updates":[]},{"_id":{"$binary":{"base64":"A94i4EuJQKKHQa7pPFfycQ==","subType":"04"}},"created_at":{"$date":"2025-12-10T09:19:31.642Z"},"updated_at":{"$date":"2025-12-10T09:19:41.714Z"},"aiod_asset_type":"ml_models","setup_update":{"created_at":{"$date":"2025-12-10T09:18:53.051Z"},"updated_at":{"$date":"2025-12-10T09:19:41.714Z"},"embeddings_added":0,"aiod_asset_offset":0,"finished":true},"recurring_updates":[]},{"_id":{"$binary":{"base64":"sgtrYkvISSuU+vIvrfGuWQ==","subType":"04"}},"created_at":{"$date":"2025-12-10T09:19:41.723Z"},"updated_at":{"$date":"2025-12-10T09:19:49.514Z"},"aiod_asset_type":"publications","setup_update":{"created_at":{"$date":"2025-12-10T09:18:53.051Z"},"updated_at":{"$date":"2025-12-10T09:19:49.514Z"},"embeddings_added":0,"aiod_asset_offset":0,"finished":true},"recurring_updates":[]},{"_id":{"$binary":{"base64":"4kIG6dbaS/GttT07bQdgRw==","subType":"04"}},"created_at":{"$date":"2025-12-10T09:19:49.522Z"},"updated_at":{"$date":"2025-12-10T09:20:03.458Z"},"aiod_asset_type":"case_studies","setup_update":{"created_at":{"$date":"2025-12-10T09:18:53.051Z"},"updated_at":{"$date":"2025-12-10T09:20:03.458Z"},"embeddings_added":0,"aiod_asset_offset":0,"finished":true},"recurring_updates":[]},{"_id":{"$binary":{"base64":"YcaiPbUATwWRP+OhO5CamA==","subType":"04"}},"created_at":{"$date":"2025-12-10T09:20:03.467Z"},"updated_at":{"$date":"2025-12-10T09:20:15.528Z"},"aiod_asset_type":"educational_resources","setup_update":{"created_at":{"$date":"2025-12-10T09:18:53.051Z"},"updated_at":{"$date":"2025-12-10T09:20:15.528Z"},"embeddings_added":0,"aiod_asset_offset":0,"finished":true},"recurring_updates":[]},{"_id":{"$binary":{"base64":"p47SS+euRcGEJ4AWjyhA6A==","subType":"04"}},"created_at":{"$date":"2025-12-10T09:20:15.536Z"},"updated_at":{"$date":"2025-12-10T09:20:24.066Z"},"aiod_asset_type":"experiments","setup_update":{"created_at":{"$date":"2025-12-10T09:18:53.051Z"},"updated_at":{"$date":"2025-12-10T09:20:24.066Z"},"embeddings_added":0,"aiod_asset_offset":0,"finished":true},"recurring_updates":[]},{"_id":{"$binary":{"base64":"9gJ92Dv8Q4SOLm+en3TlRA==","subType":"04"}},"created_at":{"$date":"2025-12-10T09:20:24.074Z"},"updated_at":{"$date":"2025-12-10T09:20:25.261Z"},"aiod_asset_type":"services","setup_update":{"created_at":{"$date":"2025-12-10T09:18:53.051Z"},"updated_at":{"$date":"2025-12-10T09:20:25.261Z"},"embeddings_added":0,"aiod_asset_offset":0,"finished":true},"recurring_updates":[]}]
